mode,area,policy,repeat,finished,flight_energy_per_req,nonflight_energy_per_req,avg_time,avg_travel,encodes,decodes,semantic_quality,semantic_payload_ratio,sinr_median_db,mode_fixed_count,mode_fixed_neural_encoder_decoder_count,mode_neural_encoder_decoder_count,mode_raw_count
semantic,100,Stochastic,0,34.0,38133.87308361853,31.390870924546093,166.5471047208697,94.92829472981514,9.0,4.0,0.8161394082326371,0.7628676470588235,-20.656113619709693,0.0,0.0,9.0,25.0
semantic,100,Stochastic,1,26.0,45722.03868286039,37.96293073094018,199.46978947051642,96.70627142120317,7.0,5.0,0.8129964921340497,0.7588141025641028,-21.84668570958988,0.0,0.0,7.0,19.0
semantic,100,Stochastic,2,26.0,32162.437554078893,26.305129990551055,140.37381284477493,78.28359502052399,5.0,1.0,0.8664260658100355,0.8277243589743589,-18.35585270708921,0.0,0.0,5.0,21.0
semantic,100,Stochastic,3,34.0,31445.104620233444,25.788595137735136,136.9205788167172,74.80352657167785,6.0,4.0,0.8774262721550914,0.8419117647058824,-18.10030135280649,0.0,0.0,6.0,28.0
semantic,100,Stochastic,4,36.0,23829.564785869585,18.861583482082878,104.09633339863807,98.83140262340164,11.0,6.0,0.7877658601203897,0.7262731481481481,-19.57560448161268,0.0,0.0,11.0,25.0
semantic,100,Stochastic,5,33.0,33849.00163281296,27.626293627056082,147.39373189577267,98.3695866072795,11.0,6.0,0.7684718474040615,0.7013888888888888,-19.69581083437044,0.0,0.0,11.0,22.0
semantic,100,Stochastic,6,33.0,31214.95704423623,25.346457682904152,136.17095606159785,94.91720379729944,15.0,4.0,0.6842797919146293,0.5928030303030303,-21.949945031903333,0.0,0.0,15.0,18.0
semantic,100,Stochastic,7,27.0,36750.96327506398,30.36082950791096,159.93731104056695,76.95326922153292,8.0,6.0,0.7941971976924991,0.7345679012345678,-19.573060799797247,0.0,0.0,8.0,19.0
semantic,100,Stochastic,8,45.0,23034.154313597042,18.34558696092106,100.83841155839347,84.69960237379436,12.0,9.0,0.8147774779232494,0.7611111111111113,-17.635942834215765,0.0,0.0,12.0,33.0
semantic,100,Stochastic,9,21.0,26466.747579088733,21.382874939401216,115.31784631478484,77.84878637654671,3.0,2.0,0.9007736488874549,0.8720238095238095,-18.677040347424285,0.0,0.0,3.0,18.0
semantic,100,LinUCB,0,75.0,8353.154336482725,6.001176140636312,36.966406976129434,65.87608415427952,66.0,28.0,0.38876567714672233,0.21166666666666642,-18.716835810433306,0.0,0.0,66.0,9.0
semantic,100,LinUCB,1,49.0,14128.411262607095,11.017656016210585,61.87425369786396,64.46444613594191,41.0,16.0,0.41881708634080744,0.25042517006802717,-22.231797525669176,0.0,0.0,41.0,8.0
semantic,100,LinUCB,2,65.0,8484.528995280305,5.878268821212306,37.51105317198977,83.65239303291709,60.0,26.0,0.35884511588817036,0.17307692307692285,-21.48680673233512,0.0,0.0,60.0,5.0
semantic,100,LinUCB,3,74.0,10513.431835112897,7.651982530399074,46.2076592960875,81.19775022341241,67.0,27.0,0.3711194774083292,0.1889076576576574,-22.131344384515643,0.0,0.0,67.0,7.0
semantic,100,LinUCB,4,67.0,9344.339805337771,6.694050207799897,41.08671105577459,78.13168058541527,58.0,28.0,0.3987179320642791,0.22450248756218888,-20.738355300701254,0.0,0.0,58.0,9.0
semantic,100,LinUCB,5,81.0,12124.354108679632,9.15572634892263,53.270502683167486,70.61547456646952,71.0,21.0,0.3911667098403099,0.21476337448559651,-18.2125590080666,0.0,0.0,71.0,10.0
semantic,100,LinUCB,6,73.0,11579.537755669076,8.751488148262661,51.1443145677677,65.48424301419466,62.0,18.0,0.4100789536596635,0.23915525114155253,-19.331500808745208,0.0,0.0,62.0,11.0
semantic,100,LinUCB,7,39.0,8051.152038212824,5.693289131793597,35.48879850315118,62.955712006012924,34.0,12.0,0.39446483167216084,0.219017094017094,-19.70700376008213,0.0,0.0,34.0,5.0
semantic,100,LinUCB,8,77.0,10563.975349118224,7.7309186301223125,46.438116077144336,73.60802287988875,64.0,20.0,0.4226830480724651,0.2554112554112556,-21.201378015348137,0.0,0.0,64.0,13.0
semantic,100,LinUCB,9,53.0,13410.347202940462,10.464846927260364,58.811717563042585,61.78793279163558,44.0,20.0,0.4233638463648324,0.2562893081761004,-21.944695511900882,0.0,0.0,44.0,9.0
semantic,100,SA,0,33.0,28347.696258860007,23.18423269340809,123.40308701439794,80.2875273573609,22.0,12.0,0.536943694808123,0.4027777777777777,-22.807447046473982,0.0,0.0,22.0,11.0
semantic,100,SA,1,34.0,30193.946970760047,24.655708686090573,131.86654498736902,82.50957547676329,19.0,4.0,0.611849861824456,0.49938725490196073,-22.08888379415813,0.0,0.0,19.0,15.0
semantic,100,SA,2,69.0,17459.012081804645,13.67937912448791,76.05141138078737,81.49909148934317,52.0,29.0,0.4765450463048347,0.3248792270531401,-21.995263022585874,0.0,0.0,52.0,17.0
semantic,100,SA,3,48.0,24008.987116901408,19.299571229476737,104.89010328190966,88.00038567740957,28.0,16.0,0.5948257329571076,0.4774305555555554,-22.028537718001626,0.0,0.0,28.0,20.0
semantic,100,SA,4,42.0,20660.237746595587,16.46336326816214,90.17626057809665,83.0321706167093,28.0,15.0,0.536943694808123,0.4027777777777776,-18.306536720018183,0.0,0.0,28.0,14.0
semantic,100,SA,5,38.0,26541.217713337996,21.492172115400326,115.89905984544325,84.52428929899199,24.0,12.0,0.5613150792919059,0.4342105263157894,-22.34196941999677,0.0,0.0,24.0,14.0
semantic,100,SA,6,48.0,23133.15263858369,18.50114466335795,101.17633698750625,88.55461829487784,31.0,16.0,0.5514142043453691,0.4214409722222225,-21.79553926072515,0.0,0.0,31.0,17.0
semantic,100,SA,7,37.0,20053.19261539648,15.87139720515035,87.7524867342861,85.73928234041836,23.0,10.0,0.5682312829967633,0.4431306306306305,-20.707620056738946,0.0,0.0,23.0,14.0
semantic,100,SA,8,51.0,20730.02781328296,16.3053108102246,90.5777848618136,93.92353193678402,33.0,12.0,0.5505629979020017,0.42034313725490197,-22.283913099586563,0.0,0.0,33.0,18.0
semantic,100,SA,9,42.0,24797.321454618876,19.910644204502685,108.06757260906417,92.45941690756052,25.0,17.0,0.5865568703643955,0.46676587301587286,-23.09156120262184,0.0,0.0,25.0,17.0
semantic,100,Greedy,0,127.0,7061.218932326149,5.314200876599007,31.00217865047677,27.712827953830846,126.0,0.0,0.31088471117114436,0.11122047244094467,-18.115651933609087,0.0,0.0,126.0,1.0
semantic,100,Greedy,1,108.0,9710.709597535935,7.659543139964277,42.552939384236105,24.884596807541637,108.0,0.0,0.3054155422121846,0.10416666666666659,-20.613480319514277,0.0,0.0,108.0,0.0
semantic,100,Greedy,2,114.0,9221.198107929791,7.201592158538743,40.352009920237116,27.86516968131192,114.0,0.0,0.3054155422121848,0.10416666666666656,-19.446837131835075,0.0,0.0,114.0,0.0
semantic,100,Greedy,3,114.0,8794.136701627025,6.84051829165603,38.499199904061626,26.660092053836113,113.0,0.0,0.31150838833313066,0.11202485380116944,-19.624865519504713,0.0,0.0,113.0,1.0
semantic,100,Greedy,4,155.0,4864.607175341175,3.5750377660215644,21.34953488014936,17.99673302334534,153.0,0.0,0.31437792231267364,0.11572580645161289,-17.383538532995725,0.0,0.0,153.0,2.0
semantic,100,Greedy,5,113.0,8222.145400335789,6.334043274811191,36.00895169299394,26.663747230430502,113.0,0.0,0.30541554221218475,0.10416666666666656,-20.154856666671627,0.0,0.0,113.0,0.0
semantic,100,Greedy,6,105.0,10491.343867450065,8.366660523202587,45.852136839042345,24.486786446282213,105.0,0.0,0.30541554221218453,0.1041666666666666,-21.177848373345793,0.0,0.0,105.0,0.0
semantic,100,Greedy,7,126.0,6679.161732124423,5.0988510984703534,29.264280960376237,21.043424110582105,126.0,0.0,0.3054155422121851,0.1041666666666665,-15.760810524529512,0.0,0.0,126.0,0.0
semantic,100,Greedy,8,103.0,9442.204535242196,7.329113120508447,41.31873262795748,30.993786210548585,103.0,0.0,0.30541554221218453,0.10416666666666662,-19.47544878911483,0.0,0.0,103.0,0.0
semantic,100,Greedy,9,159.0,3912.850740351215,2.700021258266808,17.310705618449454,20.387718957287127,156.0,0.0,0.31852090934025784,0.12106918238993714,-15.714800606998637,0.0,0.0,156.0,3.0
semantic,100,MCTS,0,133.0,7112.439439307221,5.191586089392785,31.26766710899241,42.357977423088386,123.0,37.0,0.3576399375345779,0.17152255639097783,-19.12479259785093,0.0,0.0,123.0,10.0
semantic,100,MCTS,1,138.0,5482.505279124819,3.838815361952218,24.11093513307218,37.71234742287988,123.0,50.0,0.3809138528412959,0.20153985507246386,-14.939973404468422,0.0,0.0,123.0,15.0
semantic,100,MCTS,2,120.0,7535.402622033232,5.604575314366423,33.14103889846729,42.151626144163316,118.0,43.0,0.316991949841982,0.11909722222222198,-20.32429086285238,0.0,0.0,118.0,2.0
semantic,100,MCTS,3,131.0,7794.831076076043,5.801547070708594,34.49820251630326,44.863856793781956,129.0,55.0,0.3160198850791749,0.1178435114503815,-19.15598493713331,0.0,0.0,129.0,2.0
semantic,100,MCTS,4,108.0,8571.652702355253,6.422907799319943,37.46697826209082,43.17593496080869,102.0,31.0,0.3440035676448414,0.15393518518518487,-19.919022754913875,0.0,0.0,102.0,6.0
semantic,100,MCTS,5,114.0,7757.495063148577,5.681468784998704,34.02856052674707,46.92259972880212,109.0,33.0,0.3358797728169139,0.14345760233918098,-18.2013570497214,0.0,0.0,109.0,5.0
semantic,100,MCTS,6,116.0,7292.593719356023,5.307720837674369,32.168566143391914,44.62180644681083,113.0,35.0,0.32337893336186996,0.1273347701149423,-19.787402491919032,0.0,0.0,113.0,3.0
semantic,100,MCTS,7,125.0,6910.221618903566,4.998856641076409,30.460456524444602,43.22688275160702,118.0,41.0,0.34431227184830315,0.1543333333333333,-18.02702111473982,0.0,0.0,118.0,7.0
semantic,100,MCTS,8,116.0,8363.752436089331,6.305484302501367,36.81460622196965,40.493130033151004,113.0,35.0,0.32337893336186985,0.12733477011494232,-17.63332148820619,0.0,0.0,113.0,3.0
semantic,100,MCTS,9,138.0,5737.281251326722,4.009027373581288,25.338027384838075,41.041532467837705,132.0,51.0,0.3356148664638298,0.14311594202898562,-17.56875189415757,0.0,0.0,132.0,6.0
semantic,200,Stochastic,0,48.0,22776.3758810564,17.362417820367003,99.90735812986371,166.97482748087913,12.0,4.0,0.8263538855530461,0.7760416666666669,-16.454247060147097,0.0,0.0,12.0,36.0
semantic,200,Stochastic,1,53.0,18051.244604677526,13.237751901536127,79.21699970380084,176.70496199947573,14.0,8.0,0.8165248602069922,0.7633647798742139,-15.697172279176412,0.0,0.0,14.0,39.0
semantic,200,Stochastic,2,49.0,19432.52087474143,14.311891766815112,85.26679336738175,192.6247730681856,12.0,7.0,0.8298976838070657,0.7806122448979592,-13.811338256490115,0.0,0.0,12.0,37.0
semantic,200,Stochastic,3,39.0,37576.453804284574,30.03175437363562,164.28398613705986,196.64511765867832,10.0,5.0,0.8219014210800473,0.7702991452991454,-17.22106795424707,0.0,0.0,10.0,29.0
semantic,200,Stochastic,4,47.0,21744.84966603616,16.293860500491576,94.87774632185204,194.60522898876198,13.0,4.0,0.8078808946544341,0.7522163120567376,-17.13484310535418,0.0,0.0,13.0,34.0
semantic,200,Stochastic,5,62.0,21079.235703210536,15.844286389030012,92.78463352603734,181.14092472898145,18.0,7.0,0.7983464477390215,0.7399193548387095,-17.521069512750856,0.0,0.0,18.0,44.0
semantic,200,Stochastic,6,40.0,29845.229499858695,23.469596306124693,130.69793129433475,176.09583263809597,10.0,4.0,0.8263538855530461,0.7760416666666666,-16.696960078164967,0.0,0.0,10.0,30.0
semantic,200,Stochastic,7,88.0,13449.553941300703,9.198841445796367,59.07031128541184,178.6665517623762,27.0,18.0,0.7868888595423754,0.7251420454545451,-14.496899544338731,0.0,0.0,27.0,61.0
semantic,200,Stochastic,8,61.0,23632.937026252133,18.068170731633742,103.32878910027316,176.91626968106823,17.0,10.0,0.806427282255855,0.7503415300546448,-17.729428594515866,0.0,0.0,17.0,44.0
semantic,200,Stochastic,9,66.0,16737.74953169756,11.966549838488362,73.17010937298659,189.75563422746043,22.0,10.0,0.7684718474040618,0.7013888888888888,-16.172566284887594,0.0,0.0,22.0,44.0
semantic,200,LinUCB,0,133.0,6542.563239893336,3.6308742640404765,29.353066579414637,142.9767623009389,98.0,33.0,0.4882009258405583,0.339912280701754,-14.93573444446033,0.0,0.0,98.0,35.0
semantic,200,LinUCB,1,120.0,5864.271183284141,3.105141064662177,26.28796496431731,131.93165098682763,96.0,29.0,0.4443324337697486,0.2833333333333333,-13.22834907975701,0.0,0.0,96.0,24.0
semantic,200,LinUCB,2,117.0,7759.100729983208,4.62207136342359,34.685234004147524,154.09818782766456,93.0,30.0,0.44789440534814784,0.2879273504273507,-17.02914477903323,0.0,0.0,93.0,24.0
semantic,200,LinUCB,3,109.0,6210.591643168162,3.2662092317873843,27.84992694120538,151.67099128015036,85.0,28.0,0.4583515696150075,0.30141437308868524,-15.236539066295137,0.0,0.0,85.0,24.0
semantic,200,LinUCB,4,86.0,11531.16964457405,7.978253979807316,51.30674361502053,144.04118073039947,69.0,22.0,0.4427171210772185,0.2812500000000002,-19.027096226792274,0.0,0.0,69.0,17.0
semantic,200,LinUCB,5,108.0,5547.4594447337095,2.8304496745881105,25.225967686234103,139.69269575114504,84.0,33.0,0.4597676439428112,0.30324074074074125,-13.755252145374406,0.0,0.0,84.0,24.0
semantic,200,LinUCB,6,125.0,6263.845745057247,3.372987833214599,27.920585343585415,141.41173679914198,95.0,34.0,0.47211581208126174,0.31916666666666677,-14.18308271328889,0.0,0.0,95.0,30.0
semantic,200,LinUCB,7,123.0,7653.539084375817,4.602731983041168,33.97125656919693,141.97411423218855,91.0,37.0,0.48612044179925973,0.337228997289973,-16.06833271057712,0.0,0.0,91.0,32.0
semantic,200,LinUCB,8,142.0,5869.27370237306,3.209058054163537,26.129127265857413,119.85647882748705,108.0,40.0,0.4717244968937757,0.3186619718309855,-13.320364705370968,0.0,0.0,108.0,34.0
semantic,200,LinUCB,9,132.0,7015.036231103439,4.042674987064263,31.461794368612836,148.39816983154458,106.0,41.0,0.44222763238251306,0.280618686868687,-15.205852319085942,0.0,0.0,106.0,26.0
semantic,200,SA,0,89.0,13642.61672142819,9.552322870516626,59.908445438304135,163.79552335227325,54.0,29.0,0.5785667334770564,0.4564606741573036,-17.054571024837315,0.0,0.0,54.0,35.0
semantic,200,SA,1,70.0,14920.4969965545,10.491691616145378,65.45892173204243,196.09590835543182,43.0,22.0,0.5733266902160565,0.44970238095238124,-16.85599229236863,0.0,0.0,43.0,27.0
semantic,200,SA,2,53.0,14754.69097134106,10.420609705027346,64.81130816448585,173.02698243006756,27.0,9.0,0.6461550875420563,0.5436320754716985,-16.293234881331284,0.0,0.0,27.0,26.0
semantic,200,SA,3,89.0,10835.039812833093,7.0767252950114505,47.70328119921245,175.01090902992777,56.0,32.0,0.5629580939762069,0.436329588014981,-15.62802416536334,0.0,0.0,56.0,33.0
semantic,200,SA,4,89.0,11036.353806505187,7.361627810956505,48.614863417308655,154.75051841489486,49.0,22.0,0.6175883322291811,0.5067883895131081,-15.073037053260077,0.0,0.0,49.0,40.0
semantic,200,SA,5,86.0,11646.831164275774,7.959320427135094,51.61531028753119,149.74382792749535,49.0,21.0,0.604248390330199,0.4895833333333333,-16.319815497896315,0.0,0.0,49.0,37.0
semantic,200,SA,6,92.0,12619.368822337083,8.76753644893512,55.74409999262942,149.07571712295666,47.0,19.0,0.645157940043182,0.5423460144927532,-15.023145767213224,0.0,0.0,47.0,45.0
semantic,200,SA,7,89.0,8763.801900258031,5.429733308583582,38.54642045637062,147.72223935439663,47.0,26.0,0.6331969717300311,0.5269194756554306,-13.763780611357726,0.0,0.0,47.0,42.0
semantic,200,SA,8,75.0,13697.877172943736,9.536858459447231,60.120381791210214,175.0450625267514,52.0,20.0,0.5184214426004484,0.37888888888888905,-17.05135746129731,0.0,0.0,52.0,23.0
semantic,200,SA,9,78.0,14797.732651085813,10.340840637369539,64.92744720875598,192.62235718513318,42.0,18.0,0.6259929842681,0.5176282051282051,-17.516893762807058,0.0,0.0,42.0,36.0
semantic,200,Greedy,0,209.0,2020.2418535889274,1.1106867538750507,9.289186332641496,19.391642484703215,207.0,0.0,0.3120622834350362,0.11273923444976099,-9.226845413832127,0.0,0.0,207.0,2.0
semantic,200,Greedy,1,172.0,3359.5073698321826,2.2086225351670374,14.954325952768743,21.548958979534657,169.0,0.0,0.31753038740615935,0.11979166666666666,-8.15099032490233,0.0,0.0,169.0,3.0
semantic,200,Greedy,2,173.0,1860.8879057661911,0.9127826866206439,8.532908194240658,20.053885385956516,167.0,0.0,0.32950517658633,0.13523603082851673,-9.46151586872978,0.0,0.0,167.0,6.0
semantic,200,Greedy,3,168.0,2833.8051895619406,1.7558752333811622,12.95106470179893,23.104234820809076,168.0,0.0,0.3054155422121858,0.10416666666666656,-11.152768652106651,0.0,0.0,168.0,0.0
semantic,200,Greedy,4,182.0,2386.7635577915757,1.2738848509955976,10.96945885096726,27.250534800581846,176.0,0.0,0.3283139309304658,0.13369963369963395,-10.353191310594845,0.0,0.0,176.0,6.0
semantic,200,Greedy,5,164.0,3479.3530535676377,2.275254298322457,15.649899285448875,24.71014741192554,162.0,0.0,0.31388608438032994,0.11509146341463412,-9.57610342807163,0.0,0.0,162.0,2.0
semantic,200,Greedy,6,168.0,3377.3137911697986,2.2315604493771177,15.11113462032153,22.01158050651418,165.0,0.0,0.3178188361012539,0.12016369047619054,-6.097547255161429,0.0,0.0,165.0,3.0
semantic,200,Greedy,7,168.0,3139.4743624377306,1.9488096128006698,14.269995157029195,27.505459104885826,163.0,0.0,0.3260876986939661,0.13082837301587324,-9.764885759992632,0.0,0.0,163.0,5.0
semantic,200,Greedy,8,189.0,2593.9626087223796,1.525743100949257,11.841238293319682,23.851563967974883,187.0,0.0,0.31276564229459686,0.113646384479718,-9.980345594265065,0.0,0.0,187.0,2.0
semantic,200,Greedy,9,147.0,3123.7173060025234,1.9460652602476374,14.143447455326568,24.985221224095447,145.0,0.0,0.31486567088957085,0.11635487528344653,-11.3701629365626,0.0,0.0,145.0,2.0
semantic,200,MCTS,0,153.0,5159.132464487996,3.1432898995309273,23.156533482850566,73.59269244876437,137.0,52.0,0.37805182537953946,0.1978485838779962,-14.352188066951095,0.0,0.0,137.0,16.0
semantic,200,MCTS,1,151.0,4974.514084025576,2.9318294146480817,22.221974231914032,78.41990689279464,131.0,51.0,0.39741348364103585,0.22282008830022118,-12.450610325280973,0.0,0.0,131.0,20.0
semantic,200,MCTS,2,176.0,3098.6721043756133,1.282720425144051,14.334755726477296,76.48091223631303,146.0,53.0,0.4238106202442003,0.2568655303030295,-10.55499605564947,0.0,0.0,146.0,30.0
semantic,200,MCTS,3,178.0,3435.3320875908175,1.6259327983370937,15.485566455541734,73.17606306764725,161.0,64.0,0.3717522600907977,0.18972378277153587,-10.744627065706764,0.0,0.0,161.0,17.0
semantic,200,MCTS,4,152.0,5051.596732142389,3.059438103268589,22.851885855921303,74.86887695585511,141.0,54.0,0.3556815227099883,0.168996710526316,-14.090377883596386,0.0,0.0,141.0,11.0
semantic,200,MCTS,5,132.0,6539.187258889261,4.371391933475595,28.98526885094092,71.87389407977767,120.0,42.0,0.3685595838292598,0.18560606060606083,-13.107917641540134,0.0,0.0,120.0,12.0
semantic,200,MCTS,6,173.0,4485.320495680797,2.6863450839597607,20.104358749022325,61.38286307838734,159.0,54.0,0.3616246890851886,0.17666184971098314,-12.872323419710998,0.0,0.0,159.0,14.0
semantic,200,MCTS,7,145.0,4130.89230635128,2.3282621538235047,18.6705654843985,66.70981055322012,135.0,53.0,0.35331791861134554,0.1659482758620693,-13.299754801551561,0.0,0.0,135.0,10.0
semantic,200,MCTS,8,150.0,5420.287934840925,3.471226390436374,24.353089451890096,68.39209861327338,129.0,50.0,0.40265736630248017,0.22958333333333353,-11.910245436553346,0.0,0.0,129.0,21.0
semantic,200,MCTS,9,134.0,5101.200557929208,2.8983058742228125,22.746334267486745,86.44133687783243,124.0,34.0,0.35725020324112733,0.1710199004975129,-14.403461685371706,0.0,0.0,124.0,10.0
semantic,300,Stochastic,0,66.0,15832.840654101037,10.694046520496519,69.84548371574206,263.2484267385663,20.0,10.0,0.7895198612764198,0.7285353535353535,-14.661093342291156,0.0,0.0,20.0,46.0
semantic,300,Stochastic,1,95.0,10819.461203724006,6.444812698332055,48.179353145216126,240.5038905566966,27.0,7.0,0.8025917856813581,0.7453947368421051,-11.313095812308884,0.0,0.0,27.0,68.0
semantic,300,Stochastic,2,93.0,12384.375548717378,7.408310854807809,54.44770804459263,309.2112195371077,29.0,17.0,0.7834091475715419,0.7206541218637991,-13.664327130384159,0.0,0.0,29.0,64.0
semantic,300,Stochastic,3,98.0,11835.425109337519,7.187963546430996,52.49589567450726,268.56040925399435,35.0,12.0,0.751934122218638,0.6800595238095235,-13.869299301337662,0.0,0.0,35.0,63.0
semantic,300,Stochastic,4,54.0,22176.88201030006,16.198205520007452,97.1921330962994,264.79722042218367,15.0,8.0,0.8070598728367185,0.7511574074074071,-15.721813812517164,0.0,0.0,15.0,39.0
semantic,300,Stochastic,5,56.0,18795.983586608323,13.03509993398404,82.34049072814373,304.05990375905895,14.0,8.0,0.8263538855530463,0.7760416666666666,-13.02496554592724,0.0,0.0,14.0,42.0
semantic,300,Stochastic,6,64.0,19057.65756026386,13.326906825084974,84.1323858085555,293.5211332731533,9.0,3.0,0.9023240606235887,0.8740234374999999,-14.22148840218513,0.0,0.0,9.0,55.0
semantic,300,Stochastic,7,65.0,16034.78131523354,10.915098944372382,70.35892874025059,250.7189733859299,14.0,8.0,0.8503971937072402,0.8070512820512817,-14.008263006236811,0.0,0.0,14.0,51.0
semantic,300,Stochastic,8,64.0,12208.82996643694,7.512865891790097,53.81168881931741,272.33415640593853,24.0,14.0,0.7395308283295696,0.6640624999999999,-13.29054069184329,0.0,0.0,24.0,40.0
semantic,300,Stochastic,9,67.0,15378.997958066191,10.273069688963867,67.67560489545713,263.16824226186344,19.0,10.0,0.8030282880900229,0.7459577114427861,-12.838361121069958,0.0,0.0,19.0,48.0
semantic,300,LinUCB,0,129.0,5609.352583397404,2.457814978030026,25.601657517642813,190.09999138064677,79.0,28.0,0.5746343243004862,0.45138888888888856,-10.59504444595695,0.0,0.0,79.0,50.0
semantic,300,LinUCB,1,141.0,5623.171204921101,2.3765880134632438,25.427389701982236,206.31419091844378,91.0,30.0,0.5517220875270141,0.42183806146572045,-9.454685856439008,0.0,0.0,91.0,50.0
semantic,300,LinUCB,2,128.0,6860.976616975659,3.5039703043170567,31.223816875255213,202.967015383397,96.0,32.0,0.47906165665913975,0.3281249999999998,-13.685992311099085,0.0,0.0,96.0,32.0
semantic,300,LinUCB,3,149.0,4999.340401135473,2.119026107968383,23.13048203165899,166.43388957662324,94.0,32.0,0.5618057783083593,0.43484340044742703,-11.071783469566219,0.0,0.0,94.0,55.0
semantic,300,LinUCB,4,128.0,6945.357571391436,3.5745577482969777,31.367501930045485,198.36872339582894,91.0,30.0,0.5061938620414762,0.3631184895833328,-12.366601836138218,0.0,0.0,91.0,37.0
semantic,300,LinUCB,5,131.0,5451.991903335211,2.3890918938410626,25.09356265492113,187.61059543188543,93.0,32.0,0.5068980566849873,0.3640267175572516,-12.391280579167335,0.0,0.0,93.0,38.0
semantic,300,LinUCB,6,160.0,4770.284731636917,1.6798116850106002,22.08263310163298,200.68389014739893,117.0,43.0,0.49208511524266163,0.34492187499999905,-11.658412763890915,0.0,0.0,117.0,43.0
semantic,300,LinUCB,7,127.0,5437.45376681554,2.32536939987572,24.70310027473104,187.83126526786197,85.0,26.0,0.5351206384884711,0.40042650918635114,-10.578726636172444,0.0,0.0,85.0,42.0
semantic,300,LinUCB,8,154.0,4950.468417388281,1.7501945763543127,23.06467877839295,214.4821126389721,101.0,35.0,0.5444608426196808,0.41247294372294313,-11.14193704361691,0.0,0.0,101.0,53.0
semantic,300,LinUCB,9,136.0,5808.36174313135,2.7064800453901587,26.438148601964148,176.14475536812458,90.0,22.0,0.5403485205815942,0.4071691176470582,-10.997891935397895,0.0,0.0,90.0,46.0
semantic,300,SA,0,116.0,7237.7526639603075,3.363955600282,31.867552891979543,250.09072700131807,58.0,26.0,0.6527077711060933,0.5520833333333328,-11.317011766301418,0.0,0.0,58.0,58.0
semantic,300,SA,1,77.0,14797.760813663968,9.846482739693341,65.29189606765728,268.3329273344471,37.0,23.0,0.6662386371668946,0.5695346320346317,-14.983980554697954,0.0,0.0,37.0,40.0
semantic,300,SA,2,106.0,9172.799674180604,5.169128258101213,40.70482156191693,234.0227858502865,55.0,26.0,0.6396024039780213,0.5351808176100624,-12.675332208112334,0.0,0.0,55.0,51.0
semantic,300,SA,3,96.0,11727.069728814733,7.346299663807855,52.05065857628282,247.48421164655792,56.0,30.0,0.5948257329571085,0.4774305555555555,-13.5917351647604,0.0,0.0,56.0,40.0
semantic,300,SA,4,92.0,11817.500088410601,7.696119957945678,52.344758497568385,203.6027878564434,52.0,25.0,0.6074087847286271,0.4936594202898548,-15.997737200939673,0.0,0.0,52.0,40.0
semantic,300,SA,5,121.0,9310.996182266079,5.21945801384816,41.67120371345342,252.943468350031,65.0,27.0,0.6268761177172901,0.5187672176308536,-12.5165522054732,0.0,0.0,65.0,56.0
semantic,300,SA,6,103.0,10144.806232508246,5.823464937153721,44.825438033604755,266.25479493529525,54.0,32.0,0.6358489250432822,0.5303398058252423,-14.577918519382557,0.0,0.0,54.0,49.0
semantic,300,SA,7,129.0,7118.970370119684,3.255208205046998,31.48923063296674,256.2181695112859,77.0,35.0,0.5854030755840184,0.4652777777777773,-11.379528855709772,0.0,0.0,77.0,52.0
semantic,300,SA,8,91.0,9649.763352704884,5.540099537575867,43.0856893181409,250.42530239066136,56.0,24.0,0.5725634105921145,0.44871794871794835,-14.303714986609556,0.0,0.0,56.0,35.0
semantic,300,SA,9,72.0,13693.286562172196,8.708985912834768,60.798738444843515,309.9278557514743,44.0,19.0,0.5755317202407801,0.4525462962962966,-15.769587634961812,0.0,0.0,44.0,28.0
semantic,300,Greedy,0,193.0,1966.6800617944727,0.8140860072674203,9.365379178736466,36.99679444456649,191.0,0.0,0.31261330861413233,0.11344991364421421,-5.3975435025765,0.0,0.0,191.0,2.0
semantic,300,Greedy,1,204.0,1450.2614637845102,0.5084868208395419,6.996572010728101,25.32630904456448,197.0,0.0,0.32924932262647394,0.1349060457516342,-3.7129440638895224,0.0,0.0,197.0,7.0
semantic,300,Greedy,2,218.0,2104.583918508911,1.0420719739975821,9.978675941048822,29.502359747162075,216.0,0.0,0.3117878766873039,0.11238532110091767,-7.007487878543861,0.0,0.0,216.0,2.0
semantic,300,Greedy,3,208.0,1668.851252594936,0.778178291810256,7.796682103532135,21.18576123099393,204.0,0.0,0.3187729356311827,0.12139423076923106,-4.157784491605695,0.0,0.0,204.0,4.0
semantic,300,Greedy,4,178.0,3468.2184019334377,2.125839969969292,15.991818588553764,36.63726892873569,176.0,0.0,0.3132198619626109,0.11423220973782779,-10.974498099965627,0.0,0.0,176.0,2.0
semantic,300,Greedy,5,155.0,2415.697234123969,1.1710756758488374,11.33908885973247,37.285465451532204,153.0,0.0,0.3143779223126737,0.11572580645161286,-6.311203551343182,0.0,0.0,153.0,2.0
semantic,300,Greedy,6,174.0,2326.9390039862706,1.194505786476234,10.898518031970157,30.985274208698037,173.0,0.0,0.30940740691211593,0.10931513409961684,-7.398453152409354,0.0,0.0,173.0,1.0
semantic,300,Greedy,7,198.0,1846.0324567905002,0.7595068696437977,9.011639527009029,31.791125925158852,192.0,0.0,0.3264635560845443,0.1313131313131317,-4.991963502638933,0.0,0.0,192.0,6.0
semantic,300,Greedy,8,193.0,2614.5786824601337,1.3427578979270236,12.40355423598312,41.0720851976885,191.0,0.0,0.31261330861413245,0.11344991364421436,-6.839017472855088,0.0,0.0,191.0,2.0
semantic,300,Greedy,9,186.0,2484.6206434476835,1.3800223908742535,11.385715654396208,28.169198270258256,185.0,0.0,0.309149867254056,0.10898297491039428,-7.780794365390409,0.0,0.0,185.0,1.0
semantic,300,MCTS,0,146.0,4883.843565999489,2.5984203956475542,22.18462836146794,105.80877514299335,126.0,47.0,0.40056409807353055,0.2268835616438359,-10.269582209673366,0.0,0.0,126.0,20.0
semantic,300,MCTS,1,169.0,3201.5026005822697,1.219870416887585,14.993049170926989,95.69264637115046,123.0,49.0,0.49447403368105874,0.34800295857988134,-8.624790005673976,0.0,0.0,123.0,46.0
semantic,300,MCTS,2,162.0,4348.132810772713,2.3342007396811044,19.81326065459948,84.06906305069127,132.0,49.0,0.43404229365437386,0.27006172839506154,-10.481314545319886,0.0,0.0,132.0,30.0
semantic,300,MCTS,3,171.0,3693.497399946142,1.752185572069186,17.21085739136238,90.28746944153569,135.0,59.0,0.4516438491148843,0.2927631578947361,-10.644211594862385,0.0,0.0,135.0,36.0
semantic,300,MCTS,4,153.0,4287.772320376375,1.971384604987231,19.392500187196266,115.37801178615719,129.0,52.0,0.41436996696321615,0.24468954248366023,-10.042694759620094,0.0,0.0,129.0,24.0
semantic,300,MCTS,5,156.0,5638.099457053753,3.30107905845519,25.467152161973164,106.7707080617412,132.0,45.0,0.4122746895641578,0.24198717948717954,-11.736541533408978,0.0,0.0,132.0,24.0
semantic,300,MCTS,6,158.0,5000.985049906311,2.6800532012731426,22.76558311249295,108.72831866177879,139.0,49.0,0.3889415213132526,0.21189345991561206,-11.987026065885015,0.0,0.0,139.0,19.0
semantic,300,MCTS,7,177.0,3512.397789789558,1.5133078704440424,16.1579061888559,94.78407771258935,157.0,59.0,0.38389966173623313,0.20539077212806062,-10.197760472074645,0.0,0.0,157.0,20.0
semantic,300,MCTS,8,173.0,3502.7459886045062,1.4022636485321607,16.305937079272628,104.2242912477002,138.0,50.0,0.4459384093946922,0.2854046242774564,-8.503829678465735,0.0,0.0,138.0,35.0
semantic,300,MCTS,9,179.0,3470.5930152815076,1.3967093508589914,16.125704833601016,100.77231814353254,145.0,57.0,0.43734778559087756,0.2743249534450652,-9.735129008674154,0.0,0.0,145.0,34.0
semantic,400,Stochastic,0,74.0,16350.013147684682,10.101033464041633,72.0899292784715,447.8512335230361,19.0,10.0,0.8216607473247508,0.7699887387387383,-13.987797088692867,0.0,0.0,19.0,55.0
semantic,400,Stochastic,1,78.0,12073.10570062505,7.11400472532828,54.17051374776846,328.1941525479291,27.0,15.0,0.7595669184580643,0.689903846153846,-12.585785605483725,0.0,0.0,27.0,51.0
semantic,400,Stochastic,2,72.0,13834.287830408182,8.67569366534348,61.50678454337279,319.7453254169878,18.0,9.0,0.8263538855530465,0.7760416666666665,-13.292641345045134,0.0,0.0,18.0,54.0
semantic,400,Stochastic,3,77.0,13769.223124970562,8.01252951693238,60.628590048519825,418.20290840419506,25.0,14.0,0.7744855656533071,0.7091450216450215,-12.236537053631265,0.0,0.0,25.0,52.0
semantic,400,Stochastic,4,116.0,10910.222524851142,5.507266960965858,48.68534356720926,422.8412358437509,31.0,20.0,0.8143782914532567,0.7605962643678161,-12.02926781363174,0.0,0.0,31.0,85.0
semantic,400,Stochastic,5,100.0,10702.69521037392,5.6873928839050745,47.815004442062765,361.5905617963792,30.0,14.0,0.7916246626636559,0.73125,-11.71340945504352,0.0,0.0,30.0,70.0
semantic,400,Stochastic,6,91.0,12989.23682782519,7.546980202525569,57.88535549764814,384.02519824725914,25.0,12.0,0.8091800940143371,0.7538919413919415,-12.046906047604242,0.0,0.0,25.0,66.0
semantic,400,Stochastic,7,82.0,12269.328899941196,6.973526976517533,54.29454175315643,368.32618336341096,15.0,8.0,0.872941867477839,0.8361280487804876,-11.654004029392496,0.0,0.0,15.0,67.0
semantic,400,Stochastic,8,73.0,13805.995244118907,8.192713024823242,60.90956680076403,394.6341405135631,23.0,14.0,0.7811583215189083,0.7177511415525109,-13.10409578943033,0.0,0.0,23.0,50.0
semantic,400,Stochastic,9,108.0,10025.57822794878,5.462643214992881,45.090153504731674,305.6483396394984,30.0,18.0,0.8070598728367187,0.7511574074074073,-9.084916227896404,0.0,0.0,30.0,78.0
semantic,400,LinUCB,0,96.0,10172.350796399367,6.19698021245533,46.17726815008735,239.41802247719986,69.0,25.0,0.5007674209650085,0.3561197916666672,-16.212940937648032,0.0,0.0,69.0,27.0
semantic,400,LinUCB,1,141.0,6895.536348990732,3.0565297316510542,32.039838978701304,291.2995242602933,97.0,42.0,0.5221653020892347,0.383717494089834,-10.935612502761703,0.0,0.0,97.0,44.0
semantic,400,LinUCB,2,134.0,6429.024124657809,3.1431398745325074,29.665533286396922,205.2261944059184,83.0,30.0,0.5697723134597871,0.4451181592039796,-10.888661855734107,0.0,0.0,83.0,51.0
semantic,400,LinUCB,3,148.0,5616.641711576369,2.101285833695905,25.92491514453698,247.93962272423497,85.0,37.0,0.6010832505948369,0.4855011261261259,-8.866163443571374,0.0,0.0,85.0,63.0
semantic,400,LinUCB,4,124.0,7837.808724472697,4.032181457863621,35.727332119771894,251.07737867214723,82.0,31.0,0.5406780198499943,0.40759408602150493,-10.769004739983457,0.0,0.0,82.0,42.0
semantic,400,LinUCB,5,108.0,8321.033710216001,4.246294359281783,37.61090776284261,284.0408512254226,82.0,25.0,0.4726303190870301,0.31983024691358064,-11.804398925122177,0.0,0.0,82.0,26.0
semantic,400,LinUCB,6,115.0,6464.314979434208,2.9751470292423106,30.278610850391143,238.25488611208525,79.0,35.0,0.5228506768240239,0.3846014492753621,-10.9067239073116,0.0,0.0,79.0,36.0
semantic,400,LinUCB,7,131.0,6317.247878890296,2.7650509222751807,29.310772056463552,250.70061263437475,82.0,34.0,0.5652219424534297,0.439249363867684,-11.369495269963066,0.0,0.0,82.0,49.0
semantic,400,LinUCB,8,150.0,5442.424868578071,2.3901545725968445,25.00981615181347,183.20149943245642,101.0,41.0,0.5323131317562059,0.39680555555555486,-11.879677486575055,0.0,0.0,101.0,49.0
semantic,400,LinUCB,9,115.0,6591.095122916249,3.2514216006588885,30.140142489172792,208.19049133507517,75.0,33.0,0.5470101362253389,0.4157608695652173,-9.544436160835442,0.0,0.0,75.0,40.0
semantic,400,SA,0,101.0,9433.547790767438,5.023189470128872,42.194477580860585,299.13494184248833,54.0,26.0,0.6286380126679018,0.5210396039603956,-11.594621735175695,0.0,0.0,54.0,47.0
semantic,400,SA,1,100.0,10000.35332259849,5.33258409741012,44.29182772276177,324.97698796618374,52.0,20.0,0.6388160819503369,0.5341666666666663,-11.57294811118004,0.0,0.0,52.0,48.0
semantic,400,SA,2,97.0,10270.121013466845,5.719558854551047,45.62447359155066,304.0314462475953,52.0,28.0,0.6276454453096257,0.5197594501718208,-13.024739123026084,0.0,0.0,52.0,45.0
semantic,400,SA,3,104.0,8534.957033593888,4.025447812517034,37.95151804304249,324.633876828355,57.0,27.0,0.6193142875586019,0.5090144230769228,-10.38627329916249,0.0,0.0,57.0,47.0
semantic,400,SA,4,102.0,11861.711086125522,6.772511408038396,52.54758121608003,363.86123160875707,55.0,27.0,0.6254691649183357,0.5169526143790844,-10.62647397506677,0.0,0.0,55.0,47.0
semantic,400,SA,5,120.0,7845.264572556423,3.918791020238991,35.453923726707565,260.20244874853915,65.0,26.0,0.623766752031601,0.5147569444444439,-11.40530853907094,0.0,0.0,65.0,55.0
semantic,400,SA,6,106.0,10898.485945097276,6.085902533904657,48.935252488953005,336.6313296724508,50.0,25.0,0.6723658217982014,0.5774371069182385,-12.219281030280442,0.0,0.0,50.0,56.0
semantic,400,SA,7,126.0,8463.724817971242,4.055372337059397,37.92195079140165,319.07223841953686,66.0,32.0,0.6361700459206694,0.530753968253968,-13.128614393220746,0.0,0.0,66.0,60.0
semantic,400,SA,8,118.0,8021.117083968541,3.604687855763078,35.72869583420783,341.5902435306793,69.0,36.0,0.5938446814630581,0.47616525423728795,-10.495574321176223,0.0,0.0,69.0,49.0
semantic,400,SA,9,97.0,10800.936216359458,6.178736764806558,47.83565634933294,308.56385510630383,51.0,26.0,0.6348061098229019,0.5289948453608244,-13.52110725984838,0.0,0.0,51.0,46.0
semantic,400,Greedy,0,190.0,2204.435533834036,1.0874791198393836,10.41511119598645,32.08312897535855,187.0,0.0,0.31638266522988856,0.11831140350877216,-4.94506554958472,0.0,0.0,187.0,3.0
semantic,400,Greedy,1,197.0,1846.0405220640985,0.7573935667665724,8.971350231895837,36.27345562458924,194.0,0.0,0.3159929705033712,0.11780879864636225,-4.220289282362241,0.0,0.0,194.0,3.0
semantic,400,Greedy,2,193.0,1936.7841109979272,0.8195519141899993,9.251930096668868,35.464258639802964,191.0,0.0,0.31261330861413233,0.11344991364421428,-3.27993055708642,0.0,0.0,191.0,2.0
semantic,400,Greedy,3,188.0,1706.0791442880036,0.5153515087602628,8.585159381210405,45.61684676522198,185.0,0.0,0.3164993367513534,0.11846187943262428,-2.0538702424463455,0.0,0.0,185.0,3.0
semantic,400,Greedy,4,167.0,3123.1828036255765,1.8227638475563321,14.611452493446393,35.86711159808509,167.0,0.0,0.3054155422121858,0.10416666666666655,-7.299247666287628,0.0,0.0,167.0,0.0
semantic,400,Greedy,5,216.0,1329.7649769565687,0.37066795080993137,6.559876492041923,27.81362222282574,211.0,0.0,0.3214938861424599,0.1249035493827163,-0.9123980280827466,0.0,0.0,211.0,5.0
semantic,400,Greedy,6,173.0,1834.285372959848,0.750382349704112,8.776028620736136,32.52335799415625,171.0,0.0,0.31344542033690054,0.11452312138728332,-4.380380302539501,0.0,0.0,171.0,2.0
semantic,400,Greedy,7,174.0,1624.778316830222,0.5985694570550613,7.74915511701323,29.62131363276256,168.0,0.0,0.3293667304117659,0.135057471264368,-1.6866803488944424,0.0,0.0,168.0,6.0
semantic,400,Greedy,8,161.0,2564.539660608353,1.2928641255678683,12.145135998621736,42.99965359176875,159.0,0.0,0.31404392056979846,0.11529503105590055,-7.4703402443517035,0.0,0.0,159.0,2.0
semantic,400,Greedy,9,193.0,2118.1478672389903,0.7518033197750059,10.292429228660513,56.92700226712517,190.0,0.0,0.3162121918151057,0.11809153713298813,-3.090406527699125,0.0,0.0,190.0,3.0
semantic,400,MCTS,0,141.0,4131.459686925887,1.708629143414989,19.099001158123063,131.45968634333968,112.0,34.0,0.4482733384947866,0.28841607565011806,-7.705978528263666,0.0,0.0,112.0,29.0
semantic,400,MCTS,1,181.0,3391.332997562351,1.144392907750647,15.607313163141473,118.12169023931405,132.0,50.0,0.49345221862988214,0.3466850828729274,-8.11810375343524,0.0,0.0,132.0,49.0
semantic,400,MCTS,2,166.0,3484.614938136151,1.2434027980811884,16.46624826667903,122.84168319444623,129.0,46.0,0.46023255991187995,0.30384036144578264,-7.724301820479802,0.0,0.0,129.0,37.0
semantic,400,MCTS,3,179.0,3199.998451893541,1.0183401983744353,15.113448417974453,119.3177549746032,131.0,53.0,0.4916728269821033,0.34439013035381677,-6.7762159036513445,0.0,0.0,131.0,48.0
semantic,400,MCTS,4,149.0,3166.4207245384728,0.9085757979686923,14.94726246276904,127.19813081913264,105.0,43.0,0.5105277310891249,0.36870805369127474,-6.663424289334157,0.0,0.0,105.0,44.0
semantic,400,MCTS,5,168.0,4201.246658836563,1.9750794046404418,19.43632862892296,118.13530135216972,141.0,65.0,0.41704518721379946,0.24813988095238057,-9.124294265042995,0.0,0.0,141.0,27.0
semantic,400,MCTS,6,157.0,3699.5712282761447,1.3689847535762147,17.124294347763023,128.30758576036226,109.0,45.0,0.5177725738925372,0.37805201698513746,-7.336671965140148,0.0,0.0,109.0,48.0
semantic,400,MCTS,7,149.0,4726.5619033466255,2.081907107768594,21.54029640884333,146.6940124176941,126.0,42.0,0.4126332773069494,0.2424496644295306,-9.655803760465144,0.0,0.0,126.0,23.0
semantic,400,MCTS,8,163.0,3063.040884333133,1.064727279224944,14.454767215613717,103.46463284301737,124.0,54.0,0.471604461560191,0.31850715746421177,-6.950768573070414,0.0,0.0,124.0,39.0
semantic,400,MCTS,9,182.0,2960.19084337985,0.8582320518555895,13.717854766160285,112.17909931754062,131.0,52.0,0.5000518463175629,0.35519688644688585,-7.622796687553013,0.0,0.0,131.0,51.0
semantic,500,Stochastic,0,99.0,11909.861332864335,6.245956806209166,52.993490054738174,450.55304094143656,31.0,19.0,0.7825038566523008,0.7194865319865318,-10.538622059284997,0.0,0.0,31.0,68.0
semantic,500,Stochastic,1,79.0,13972.399204542518,7.977272816927198,63.380682789642,471.56108712370536,19.0,12.0,0.8329480417978676,0.7845464135021096,-13.555120184900169,0.0,0.0,19.0,60.0
semantic,500,Stochastic,2,91.0,13513.408150900028,7.837662694238334,59.66722813822899,413.73642985017443,22.0,13.0,0.8320784827326164,0.7834249084249085,-11.139826794354486,0.0,0.0,22.0,69.0
semantic,500,Stochastic,3,84.0,14410.149555027316,8.271313714612747,64.76866611204227,489.7790218276664,25.0,12.0,0.7932784351821981,0.7333829365079363,-10.348600503559943,0.0,0.0,25.0,59.0
semantic,500,Stochastic,4,85.0,13396.525447149093,7.479093026814191,59.61638197802184,459.1810490878715,21.0,11.0,0.8283967810171284,0.7786764705882351,-13.595343006541604,0.0,0.0,21.0,64.0
semantic,500,Stochastic,5,102.0,9308.157640387648,4.0959945465752625,41.452775239430345,424.532201212143,28.0,11.0,0.8093297566856983,0.7540849673202615,-11.05514692186371,0.0,0.0,28.0,74.0
semantic,500,Stochastic,6,81.0,16019.503246895822,9.551296365628405,70.65686195286813,504.4929979891521,23.0,15.0,0.8027723144553122,0.7456275720164607,-12.55110574235715,0.0,0.0,23.0,58.0
semantic,500,Stochastic,7,91.0,11229.590860155147,5.345615080508419,50.01585387700965,505.5541696907483,26.0,11.0,0.8015472977749104,0.7440476190476188,-11.339361707872694,0.0,0.0,26.0,65.0
semantic,500,Stochastic,8,63.0,17386.579868903165,11.202049226021776,77.89616107214448,436.84771151114614,16.0,11.0,0.8235975980221423,0.7724867724867726,-12.451919762855832,0.0,0.0,16.0,47.0
semantic,500,Stochastic,9,106.0,11402.1781105409,5.521695314226166,50.7282298639761,504.6502757116624,26.0,16.0,0.8296302273350648,0.7802672955974842,-11.056873664763627,0.0,0.0,26.0,80.0
semantic,500,LinUCB,0,131.0,6390.967058431077,2.4005568777024133,29.952278693262766,325.31260879404493,80.0,26.0,0.5758262853204194,0.45292620865139904,-10.709172176679422,0.0,0.0,80.0,51.0
semantic,500,LinUCB,1,112.0,8990.573416144976,4.43161297754621,41.32629726217939,362.9897205056437,74.0,29.0,0.5410781261044801,0.40811011904761896,-12.71684665194742,0.0,0.0,74.0,38.0
semantic,500,LinUCB,2,131.0,6279.300102138641,2.1855979917709125,29.09203156458865,334.71679383129157,81.0,28.0,0.5705241138869246,0.44608778625954126,-10.701967615007495,0.0,0.0,81.0,50.0
semantic,500,LinUCB,3,136.0,6005.192435588095,2.154691830537138,28.063279049612536,302.1963274378899,88.0,37.0,0.5505629979020031,0.4203431372549014,-9.904970438691684,0.0,0.0,88.0,48.0
semantic,500,LinUCB,4,134.0,5046.755740530599,1.3637259164448676,23.753203880660482,293.78641762525825,80.0,32.0,0.5853227117684696,0.4651741293532332,-8.456613748902097,0.0,0.0,80.0,54.0
semantic,500,LinUCB,5,153.0,5119.770235200392,1.7140986177853552,23.907086281555443,248.14003111876656,97.0,33.0,0.5596425332979222,0.4320533769063177,-8.145605278699414,0.0,0.0,97.0,56.0
semantic,500,LinUCB,6,117.0,6873.790750999619,3.092799396659994,32.20189740979973,274.4137380602809,77.0,23.0,0.5428803141054559,0.41043447293447266,-11.010787424068054,0.0,0.0,77.0,40.0
semantic,500,LinUCB,7,122.0,7099.809942138563,3.1444954698699146,33.324499087517324,301.21227793346486,68.0,22.0,0.6128545645117104,0.5006830601092892,-9.66329168743556,0.0,0.0,68.0,54.0
semantic,500,LinUCB,8,130.0,6684.862715703304,2.649638330571922,31.13082316130733,316.88126682812367,76.0,27.0,0.593935240062509,0.47628205128205087,-8.62637116690905,0.0,0.0,76.0,54.0
semantic,500,LinUCB,9,137.0,7166.299468010984,3.1553961376680775,33.45506625223719,316.46502947503683,90.0,39.0,0.5437036408693194,0.411496350364963,-11.022398044614409,0.0,0.0,90.0,47.0
semantic,500,SA,0,104.0,7226.7179867679115,2.905573375110217,32.97326883015599,336.7476526862028,50.0,22.0,0.6660651645250897,0.5693108974358969,-10.168226771217665,0.0,0.0,50.0,54.0
semantic,500,SA,1,128.0,7467.14707278077,2.920226016647967,33.73866819824683,371.52186953831944,80.0,39.0,0.5658847138826167,0.4401041666666662,-8.95143579793249,0.0,0.0,80.0,48.0
semantic,500,SA,2,104.0,9618.53671071323,4.696580407236652,43.45273124832572,395.37537443819303,52.0,30.0,0.6527077711060928,0.5520833333333331,-10.990541120984481,0.0,0.0,52.0,52.0
semantic,500,SA,3,113.0,8186.674312646,3.3093902428851423,36.91512553222511,416.7806248746847,61.0,25.0,0.6250473280968442,0.5164085545722708,-9.7413543532389,0.0,0.0,61.0,52.0
semantic,500,SA,4,116.0,8802.69930949935,3.9260883583172643,39.22049259671282,395.5937621061467,58.0,24.0,0.652707771106093,0.5520833333333333,-9.733143362549985,0.0,0.0,58.0,58.0
semantic,500,SA,5,88.0,9676.104319198603,4.359877829198622,43.605305528845626,461.914426667001,54.0,19.0,0.5737777190847505,0.45028409090909083,-14.089621857652675,0.0,0.0,54.0,34.0
semantic,500,SA,6,108.0,8448.799408520039,3.4907563661165173,38.16098495537501,423.14692124455837,56.0,29.0,0.6398450959618743,0.5354938271604933,-11.37167788482882,0.0,0.0,56.0,52.0
semantic,500,SA,7,94.0,8656.672281984342,3.8002844848620825,39.26337221807883,398.39591805383037,39.0,20.0,0.7118213419816519,0.6283244680851059,-9.263595952561964,0.0,0.0,39.0,55.0
semantic,500,SA,8,106.0,9620.295644848668,4.716981071351188,42.882412027069826,373.6493456834802,48.0,20.0,0.685471188926273,0.5943396226415092,-10.873017115956428,0.0,0.0,48.0,58.0
semantic,500,SA,9,112.0,11198.367014771222,5.873078227555664,50.45576413276235,429.1125116675431,63.0,27.0,0.6092962424943549,0.4960937499999996,-11.562583208182424,0.0,0.0,63.0,49.0
semantic,500,Greedy,0,188.0,1849.3536407009465,0.7167621442012284,8.945347154704761,37.81097010524691,182.0,0.0,0.3275831312905206,0.1327570921985818,-3.636298098782027,0.0,0.0,182.0,6.0
semantic,500,Greedy,1,214.0,1545.44249843588,0.44922432309017907,7.738082893722051,39.630715313467256,212.0,0.0,0.31190698574291353,0.11253894080996907,-2.5806759841983533,0.0,0.0,212.0,2.0
semantic,500,Greedy,2,186.0,1673.2455645860605,0.6253742736123177,8.208045680772958,34.94693837546595,180.0,0.0,0.32782149246340586,0.13306451612903236,-1.782318690228432,0.0,0.0,180.0,6.0
semantic,500,Greedy,3,178.0,1746.539376439185,0.5237357648483608,8.80935615170136,46.89082184213028,176.0,0.0,0.3132198619626108,0.11423220973782768,-2.3846871407348362,0.0,0.0,176.0,2.0
semantic,500,Greedy,4,194.0,1639.9732566757123,0.6061381628551066,8.141441758721802,32.12907107051094,191.0,0.0,0.31615653898210094,0.11801975945017211,-2.0669016781731253,0.0,0.0,191.0,3.0
semantic,500,Greedy,5,208.0,1533.9300392176276,0.4447684508863636,7.610360685737719,38.17144921268705,206.0,0.0,0.3120942389216844,0.11278044871794898,-1.9604664992878542,0.0,0.0,206.0,2.0
semantic,500,Greedy,6,165.0,2771.8091508958105,1.5328293483028248,12.976388838430053,37.30419495786615,165.0,0.0,0.3054155422121858,0.10416666666666653,-7.405900922928421,0.0,0.0,165.0,0.0
semantic,500,Greedy,7,183.0,2273.4862130334745,1.1431938962815302,10.939088388341606,34.7283841565625,182.0,0.0,0.30921108569736533,0.10906193078324225,-4.798411130253982,0.0,0.0,182.0,1.0
semantic,500,Greedy,8,199.0,1542.2540272610097,0.421481004626816,7.625117646580274,39.872788634861976,197.0,0.0,0.31239629053166174,0.11317001675041892,-3.898295666892626,0.0,0.0,197.0,2.0
semantic,500,Greedy,9,231.0,1692.3451980453015,0.5415237605724017,8.37731401107253,42.62665500128353,231.0,0.0,0.3054155422121864,0.10416666666666691,-5.036149565192631,0.0,0.0,231.0,0.0
semantic,500,MCTS,0,174.0,3560.6729350700416,1.1818849315461706,16.797691116876823,140.04423370658554,114.0,38.0,0.5449274242079845,0.41307471264367784,-6.530374004014245,0.0,0.0,114.0,60.0
semantic,500,MCTS,1,127.0,4340.388654199172,1.64363555839404,20.113793474162758,175.42320774749788,96.0,35.0,0.4749597799399202,0.3228346456692916,-8.668895726625024,0.0,0.0,96.0,31.0
semantic,500,MCTS,2,171.0,3204.5001842014644,0.860434999162421,15.465573261041465,141.47264363653622,113.0,55.0,0.5410055922220887,0.4080165692007796,-5.407370260306336,0.0,0.0,113.0,58.0
semantic,500,MCTS,3,159.0,5107.037905987995,2.509871085659781,23.349187510642757,152.04057926788437,126.0,58.0,0.4495745806209783,0.2900943396226414,-9.580249433864315,0.0,0.0,126.0,33.0
semantic,500,MCTS,4,172.0,3108.7531309042647,0.75505668360946,14.732213830449842,138.9184000074411,118.0,43.0,0.5234827557037094,0.385416666666666,-5.761802638871293,0.0,0.0,118.0,54.0
semantic,500,MCTS,5,150.0,3733.558368733014,1.191213542735234,17.68390961698985,163.68072405067073,114.0,41.0,0.47211581208126174,0.31916666666666593,-7.275050837636792,0.0,0.0,114.0,36.0
semantic,500,MCTS,6,146.0,3952.4865073182036,1.4859007656291825,18.555141882510686,148.60300102564523,105.0,43.0,0.5004700817279423,0.35573630136986256,-7.2188668071582125,0.0,0.0,105.0,41.0
semantic,500,MCTS,7,163.0,3819.9877101226202,1.282224252833333,17.869418140520565,158.9112975600124,121.0,49.0,0.4843882245869605,0.33499488752556184,-7.684324963483203,0.0,0.0,121.0,42.0
semantic,500,MCTS,8,174.0,3259.3758428438236,1.0120351074857636,15.512884463654721,138.11958896740097,136.0,55.0,0.4571064008095252,0.2998084291187734,-7.6533365317068665,0.0,0.0,136.0,38.0
semantic,500,MCTS,9,149.0,5393.899547045261,2.8043195895117994,25.128797818888106,142.40214379007796,108.0,40.0,0.4965428091202428,0.35067114093959667,-8.92227928742356,0.0,0.0,108.0,41.0
nonsemantic,300,LinUCB,0,55.0,21708.469309741053,16.822223191368487,95.88783463011116,137.5625899573841,0.0,0.0,1.0,1.0,-13.754230213848333,0.0,,,55.0
nonsemantic,300,LinUCB,1,63.0,18367.638327940836,13.836190004180633,81.03789079525308,145.41548194359655,0.0,0.0,1.0,1.0,-11.92010039797432,0.0,,,63.0
nonsemantic,300,LinUCB,2,69.0,16157.625896849268,12.107327843484311,71.25265720035532,126.76859854075609,0.0,0.0,1.0,1.0,-14.792474317521005,0.0,,,69.0
nonsemantic,300,LinUCB,3,62.0,21958.019019501844,17.012791387327653,96.5704684577125,154.44376174839186,0.0,0.0,1.0,1.0,-16.03282915875893,0.0,,,62.0
nonsemantic,300,LinUCB,4,64.0,21293.205223947352,16.273676032026337,93.87410445284748,169.97246935180164,0.0,0.0,1.0,1.0,-13.233694718197919,0.0,,,64.0
nonsemantic,300,LinUCB,5,60.0,17892.958362094836,13.145206961218642,79.12508313861994,178.98882175211233,0.0,0.0,1.0,1.0,-14.829866739482233,0.0,,,60.0
nonsemantic,300,LinUCB,6,87.0,13844.3481202222,10.004676383217754,61.20915059484628,133.33234357625685,0.0,0.0,1.0,1.0,-12.204795819753967,0.0,,,87.0
nonsemantic,300,LinUCB,7,57.0,18858.614868666507,14.17718457302072,83.79817899743296,172.27010164179256,0.0,0.0,1.0,1.0,-14.620122348714004,0.0,,,57.0
nonsemantic,300,LinUCB,8,63.0,20224.30474919894,15.53450122319562,89.20064863124797,140.62834081137726,0.0,0.0,1.0,1.0,-14.657244968787468,0.0,,,63.0
nonsemantic,300,LinUCB,9,85.0,15386.339429319256,11.166725692555044,67.86736882102268,162.71729161143793,0.0,0.0,1.0,1.0,-14.372160801894873,0.0,,,85.0
nonsemantic,300,SA,0,77.0,14160.011780515319,9.495107146489438,62.56075608499843,212.6598578647561,0.0,0.0,1.0,1.0,-14.140866431063248,0.0,,,77.0
nonsemantic,300,SA,1,73.0,18354.589851682584,13.26518508014939,80.93718191601101,202.11296724264008,0.0,0.0,1.0,1.0,-14.800355250739853,0.0,,,73.0
nonsemantic,300,SA,2,70.0,19217.33666368676,13.832248324188102,84.84392694734835,234.02153906625645,0.0,0.0,1.0,1.0,-15.153716674612173,0.0,,,70.0
nonsemantic,300,SA,3,71.0,16173.75241154329,11.190291048032082,71.27405797148917,224.138124686617,0.0,0.0,1.0,1.0,-14.789376939672898,0.0,,,71.0
nonsemantic,300,SA,4,83.0,14111.955001966546,9.307174405283352,62.28559719356266,234.69276154581127,0.0,0.0,1.0,1.0,-12.324755973406782,0.0,,,83.0
nonsemantic,300,SA,5,53.0,17554.474561548315,12.547370771827651,77.2096304273453,209.39489514318447,0.0,0.0,1.0,1.0,-14.902317548290739,0.0,,,53.0
nonsemantic,300,SA,6,74.0,16222.03088868882,11.208727146825145,71.18574166395108,222.98739024774065,0.0,0.0,1.0,1.0,-14.05596195448848,0.0,,,74.0
nonsemantic,300,SA,7,59.0,20291.62549362343,14.933509054164707,88.55915628219574,209.38773691516124,0.0,0.0,1.0,1.0,-14.766929289762693,0.0,,,59.0
nonsemantic,300,SA,8,47.0,20907.386100699237,15.276541456377513,91.86840257432452,227.3799585495701,0.0,0.0,1.0,1.0,-13.124724974928874,0.0,,,47.0
nonsemantic,300,SA,9,76.0,17014.639856488426,11.959227979395294,74.97283560968074,219.6779098440489,0.0,0.0,1.0,1.0,-14.946144074813198,0.0,,,76.0
nonsemantic,300,Greedy,0,49.0,27285.03061098509,22.35260799187398,119.43482170433927,72.98598825968797,0.0,0.0,1.0,1.0,-15.825747625879947,0.0,,,49.0
nonsemantic,300,Greedy,1,59.0,12599.891392348936,9.659356813654949,55.350244360527334,58.05728333105366,0.0,0.0,1.0,1.0,-13.698697907571129,0.0,,,59.0
nonsemantic,300,Greedy,2,72.0,14347.514891539351,11.252413642328806,62.84268817053818,56.51589800981275,0.0,0.0,1.0,1.0,-13.714854980038961,0.0,,,72.0
nonsemantic,300,Greedy,3,77.0,15807.834551010661,12.648407400562627,69.4508929829616,45.93744671655177,0.0,0.0,1.0,1.0,-13.234828675533779,0.0,,,77.0
nonsemantic,300,Greedy,4,78.0,10068.070515255704,7.648596381932377,44.57033926584474,41.99993278462852,0.0,0.0,1.0,1.0,-8.903909276344704,0.0,,,78.0
nonsemantic,300,Greedy,5,64.0,19323.52413529358,15.49218089703351,84.89567969467085,64.93883079718952,0.0,0.0,1.0,1.0,-15.77028304969668,0.0,,,64.0
nonsemantic,300,Greedy,6,79.0,12942.200025021297,10.071326570137227,57.39301428471134,51.474400893281214,0.0,0.0,1.0,1.0,-13.766738910085149,0.0,,,79.0
nonsemantic,300,Greedy,7,115.0,9275.05256831402,6.960985624986827,41.23849498052641,46.56572038710942,0.0,0.0,1.0,1.0,-10.07089873725162,0.0,,,115.0
nonsemantic,300,Greedy,8,66.0,18141.42703285563,14.420591530441977,79.81605514015195,68.03907072843029,0.0,0.0,1.0,1.0,-13.894079457357249,0.0,,,66.0
nonsemantic,300,Greedy,9,100.0,10541.794864614894,7.919022534325272,46.94834210443001,54.12865350732762,0.0,0.0,1.0,1.0,-10.082122369094778,0.0,,,100.0
nonsemantic,300,MCTS,0,82.0,13528.64644376687,10.439054389619729,59.54709403082948,61.73464742384508,0.0,0.0,1.0,1.0,-14.570011141043217,0.0,,,82.0
nonsemantic,300,MCTS,1,70.0,17384.083676071805,13.84893829556454,76.3743494914386,56.9795283251945,0.0,0.0,1.0,1.0,-14.950264556034789,0.0,,,70.0
nonsemantic,300,MCTS,2,67.0,14517.434306731679,11.265585662743202,64.13593470291121,61.20203916527856,0.0,0.0,1.0,1.0,-11.973985049426357,0.0,,,67.0
nonsemantic,300,MCTS,3,91.0,13477.572333789092,10.525830411639935,59.342073289633596,51.43665429900286,0.0,0.0,1.0,1.0,-13.31125881796707,0.0,,,91.0
nonsemantic,300,MCTS,4,85.0,14609.559440282697,11.31258230074732,64.36650502933449,65.37458390827942,0.0,0.0,1.0,1.0,-12.867220610005337,0.0,,,85.0
nonsemantic,300,MCTS,5,55.0,20377.859141074783,16.485437319824506,89.18205541896936,55.65045613869951,0.0,0.0,1.0,1.0,-15.283271583355875,0.0,,,55.0
nonsemantic,300,MCTS,6,77.0,11031.881415490592,8.288315422031584,48.962333289771664,59.36397607951669,0.0,0.0,1.0,1.0,-11.255777443902385,0.0,,,77.0
nonsemantic,300,MCTS,7,92.0,11911.867478095099,8.986206410080154,52.83786748090556,65.7935281375588,0.0,0.0,1.0,1.0,-12.939015423964545,0.0,,,92.0
nonsemantic,300,MCTS,8,83.0,9967.356629992235,7.333196682307941,44.39708248619049,60.66555967615762,0.0,0.0,1.0,1.0,-12.34964453493727,0.0,,,83.0
nonsemantic,300,MCTS,9,68.0,17846.575936716912,14.267565164795258,78.46395139775008,57.95468563394438,0.0,0.0,1.0,1.0,-15.570890571878417,0.0,,,68.0
